WDPAID,median,upper,lower
36673,0.118,0.222,0.094
26456,0.292,0.468,0.228
36497,0.115,0.159,0.087
20978,0.14,0.242,0.12
300869,0.308,0.451,0.242
40781,0.207,0.282,0.177
26451,0.158,0.214,0.135
555547525,0.252,0.335,0.201
40766,0.205,0.284,0.173
9034,0.164,0.212,0.139
29534,0.295,0.383,0.242
40767,0.205,0.284,0.173
555547523,0.18,0.275,0.098
3214,0.18,0.275,0.098
36752,0.162,0.299,0.102
26440,0.188,0.241,0.163
36953,0.196,0.299,0.158
37021,0.175,0.292,0.145
36858,0.192,0.273,0.162
36770,0.132,0.222,0.111
36845,0.158,0.235,0.13
72350,0.414,0.558,0.304
36268,0.135,0.209,0.099
36860,0.185,0.267,0.158
300911,0.242,0.339,0.201
36562,0.112,0.137,0.081
40845,0.185,0.273,0.154
354003,0.225,0.38,0.187
36919,0.211,0.361,0.178
40672,0.195,0.284,0.152
40768,0.191,0.263,0.163
40769,0.206,0.288,0.173
36629,0.137,0.261,0.086
36921,0.215,0.337,0.164
36769,0.137,0.211,0.112
300895,0.285,0.388,0.232
37119,0.194,0.25,0.163
36729,0.241,0.412,0.184
36818,0.186,0.298,0.154
37012,0.175,0.292,0.145
37121,0.191,0.343,0.153
7957,0.171,0.302,0.137
5159,0.206,0.281,0.176
36964,0.23,0.343,0.182
36957,0.23,0.343,0.182
26454,0.292,0.468,0.228
29580,0.311,0.444,0.26
67727,0.38,0.516,0.245
9024,0.377,0.515,0.243
40792,0.193,0.29,0.156
36847,0.172,0.231,0.145
40793,0.197,0.301,0.164
36439,0.116,0.172,0.085
40691,0.174,0.254,0.133
36743,0.176,0.295,0.119
37026,0.208,0.315,0.165
36586,0.139,0.281,0.091
36476,0.108,0.189,0.079
36872,0.233,0.398,0.161
36962,0.196,0.299,0.158
36853,0.173,0.246,0.144
36945,0.204,0.313,0.166
26455,0.292,0.468,0.228
36949,0.2,0.3,0.164
36842,0.174,0.278,0.148
36834,0.161,0.234,0.134
36644,0.111,0.153,0.084
36645,0.114,0.15,0.092
36935,0.199,0.29,0.161
36841,0.17,0.239,0.149
36773,0.131,0.257,0.105
555556068,0.31,0.354,0.239
7864,0.154,0.253,0.109
36556,0.159,0.259,0.111
36253,0.131,0.196,0.097
36484,0.114,0.193,0.083
36859,0.192,0.273,0.162
37122,0.238,0.402,0.184
40747,0.207,0.265,0.172
36736,0.169,0.311,0.117
303944,0.121,0.293,0.088
36661,0.111,0.151,0.086
37123,0.24,0.428,0.191
36934,0.205,0.308,0.173
7845,0.205,0.308,0.173
300915,0.278,0.35,0.222
36538,0.122,0.159,0.092
36401,0.112,0.181,0.078
36620,0.177,0.289,0.13
40853,0.176,0.236,0.139
29520,0.154,0.189,0.122
40846,0.232,0.321,0.204
26457,0.185,0.273,0.154
37124,0.155,0.294,0.132
36654,0.112,0.161,0.087
40826,0.141,0.228,0.11
303940,0.137,0.256,0.103
67970,NA,NA,NA
2327,0.195,0.285,0.148
40860,0.197,0.292,0.159
40861,0.197,0.292,0.159
36886,0.234,0.354,0.187
37125,0.155,0.206,0.133
555558303,0.127,0.178,0.108
40673,0.246,0.333,0.213
40748,0.206,0.288,0.173
40877,0.2,0.285,0.155
26505,0.173,0.295,0.154
903104,NA,NA,NA
37034,NA,NA,NA
36823,0.193,0.222,0.155
36816,0.205,0.301,0.161
4488,0.109,0.22,0.089
9264,0.109,0.227,0.088
300881,0.271,0.379,0.205
26572,0.197,0.292,0.159
37126,0.214,0.342,0.169
37128,0.161,0.285,0.138
26463,0.155,0.238,0.118
40698,0.174,0.254,0.133
40699,0.156,0.237,0.118
36670,0.118,0.222,0.094
37129,0.165,0.277,0.149
40770,0.205,0.287,0.171
40771,0.205,0.284,0.173
40772,0.203,0.287,0.173
40749,0.207,0.265,0.172
26506,0.157,0.291,0.131
2254,0.105,0.164,0.079
37130,0.194,0.25,0.163
5160,0.116,0.143,0.091
40878,0.201,0.286,0.165
37131,0.161,0.285,0.138
36865,0.196,0.237,0.182
300960,0.154,0.189,0.122
36442,0.11,0.159,0.085
40794,0.197,0.301,0.164
36435,0.118,0.184,0.088
36929,0.193,0.285,0.166
36969,0.197,0.296,0.158
37039,0.241,0.327,0.203
40773,0.209,0.29,0.179
36674,0.118,0.222,0.094
7522,0.155,0.208,0.102
36263,0.139,0.213,0.104
36239,0.109,0.244,0.075
36181,0.151,0.183,0.126
36754,0.136,0.247,0.101
300821,0.185,0.251,0.139
28559,0.134,0.237,0.106
36201,0.147,0.189,0.109
29409,0.252,0.327,0.193
29069,0.251,0.326,0.193
29549,0.138,0.29,0.106
2322,0.145,0.255,0.107
29605,0.141,0.205,0.112
317194,0.149,0.215,0.11
36224,0.129,0.291,0.086
36869,0.178,0.276,0.137
33510,0.198,0.224,0.127
36436,0.131,0.178,0.097
36498,0.115,0.159,0.087
36704,0.122,0.255,0.094
36347,0.132,0.291,0.111
5164,0.138,0.18,0.116
36899,0.223,0.289,0.176
36647,0.129,0.213,0.106
36321,0.131,0.196,0.097
36711,0.193,0.289,0.152
29435,0.181,0.202,0.094
40700,0.174,0.254,0.133
36342,0.124,0.224,0.1
300807,0.174,0.2,0.153
29425,0.166,0.259,0.135
36427,0.12,0.16,0.091
29453,0.203,0.27,0.178
28568,0.127,0.21,0.103
725,0.154,0.189,0.122
40862,0.198,0.286,0.159
29615,0.188,0.405,0.139
300794,0.167,0.359,0.131
29417,0.206,0.263,0.173
29380,0.249,0.49,0.171
555556061,0.116,0.192,0.088
28569,0.122,0.223,0.103
36730,0.216,0.364,0.152
29367,0.202,0.258,0.169
555556058,0.138,0.219,0.116
145529,0.191,0.272,0.136
2328,0.163,0.265,0.128
37132,0.196,0.34,0.157
28551,0.127,0.235,0.104
36475,0.1,0.198,0.078
36288,0.138,0.183,0.098
36265,0.139,0.213,0.104
352617,0.293,0.503,0.164
37133,0.109,0.249,0.078
29446,0.181,0.265,0.153
28534,0.117,0.223,0.097
37134,0.151,0.205,0.139
36458,0.112,0.256,0.082
37136,0.144,0.293,0.109
868,NA,NA,NA
903105,0.119,0.182,0.089
7872,0.121,0.183,0.09
36170,0.171,0.264,0.139
36418,0.162,0.239,0.124
300905,0.193,0.299,0.156
300892,0.207,0.31,0.16
36202,0.139,0.213,0.104
31330,0.191,0.272,0.136
300776,0.158,0.221,0.131
29375,0.198,0.224,0.127
40795,0.197,0.301,0.164
37137,0.128,0.263,0.089
36604,0.189,0.297,0.141
29500,0.218,0.311,0.18
36336,0.133,0.269,0.109
32995,0.122,0.196,0.094
29373,0.19,0.253,0.16
352627,0.308,0.467,0.153
40796,0.197,0.283,0.153
40848,0.155,0.239,0.118
40849,0.158,0.241,0.126
300836,0.173,0.295,0.154
36440,0.117,0.19,0.088
300813,0.212,0.417,0.16
28560,0.138,0.24,0.104
29514,0.241,0.343,0.2
303952,0.223,0.327,0.186
40752,0.198,0.288,0.165
40811,0.183,0.265,0.128
303960,0.225,0.329,0.187
40812,0.224,0.328,0.187
672,0.184,0.271,0.13
5150,0.184,0.271,0.13
36233,0.114,0.261,0.076
36598,0.137,0.261,0.086
36692,0.112,0.262,0.09
303948,0.166,0.33,0.111
40730,0.181,0.262,0.135
5168,0.152,0.249,0.116
29394,0.2,0.291,0.169
40798,0.198,0.286,0.154
40797,0.198,0.286,0.154
36374,0.107,0.144,0.082
36269,0.122,0.184,0.089
36468,0.131,0.155,0.106
36900,0.214,0.286,0.175
28536,0.124,0.269,0.102
300797,0.182,0.259,0.154
26462,0.207,0.333,0.183
40863,0.209,0.297,0.177
40814,0.18,0.231,0.151
29535,0.295,0.383,0.242
36496,0.115,0.159,0.087
342670,0.219,0.273,0.18
11609,0.219,0.273,0.18
40835,0.164,0.239,0.13
40834,0.141,0.228,0.11
29983,0.219,0.308,0.173
36361,0.146,0.182,0.114
300861,0.278,0.394,0.201
29585,NA,NA,NA
26441,0.167,0.358,0.126
5155,0.196,0.292,0.159
40864,0.197,0.292,0.159
555512167,0.161,0.228,0.136
300887,0.31,0.457,0.244
40753,0.202,0.299,0.164
40850,0.157,0.227,0.118
40827,0.158,0.241,0.126
40754,0.211,0.313,0.178
4489,0.12,0.166,0.099
36621,0.189,0.316,0.145
303941,0.116,0.215,0.095
36573,0.112,0.215,0.087
29644,0.182,0.258,0.154
40755,0.198,0.259,0.168
40871,0.195,0.308,0.178
36606,0.189,0.297,0.141
40674,0.186,0.295,0.153
29339,0.187,0.255,0.154
300880,0.241,0.323,0.187
313432,0.122,0.223,0.103
597,0.101,0.191,0.081
28545,0.126,0.226,0.108
29419,0.182,0.202,0.094
352619,0.254,0.468,0.168
28561,0.137,0.229,0.104
300768,0.154,0.236,0.123
313430,0.122,0.223,0.103
28562,0.141,0.249,0.105
40856,0.179,0.252,0.15
29497,0.267,0.371,0.202
40731,NA,NA,NA
36763,0.126,0.233,0.097
36397,0.142,0.182,0.101
671,0.167,0.322,0.145
40890,0.157,0.218,0.128
36272,0.126,0.194,0.1
36522,0.139,0.179,0.102
36530,0.144,0.178,0.106
303953,0.157,0.218,0.128
36768,0.159,0.241,0.131
40854,0.176,0.237,0.139
36508,0.101,0.192,0.084
36499,0.111,0.202,0.094
36226,0.116,0.18,0.094
36400,0.162,0.239,0.124
36535,0.159,0.205,0.106
40887,0.189,0.323,0.165
36294,0.145,0.206,0.096
300726,0.107,0.246,0.074
342659,0.239,0.31,0.179
342661,0.247,0.309,0.19
351088,0.182,0.216,0.121
33049,0.182,0.216,0.121
40828,NA,NA,NA
36631,0.162,0.299,0.102
36726,0.196,0.372,0.147
36688,0.193,0.313,0.143
26507,0.148,0.235,0.131
26535,0.14,0.263,0.105
342671,0.199,0.246,0.134
26536,0.116,0.205,0.092
36651,0.129,0.213,0.106
36649,0.129,0.213,0.106
36412,0.137,0.186,0.102
40892,0.197,0.269,0.163
40675,0.186,0.295,0.153
40774,0.224,0.308,0.187
36844,0.19,0.232,0.166
29424,0.18,0.262,0.136
300739,0.155,0.2,0.128
300778,0.174,0.253,0.146
300783,0.142,0.313,0.111
300784,0.166,0.244,0.14
300787,0.142,0.313,0.111
300788,0.157,0.277,0.126
300791,0.143,0.292,0.116
300792,0.151,0.309,0.124
300802,0.152,0.314,0.125
300804,0.203,0.345,0.16
300805,0.171,0.359,0.137
300741,0.143,0.243,0.118
300806,0.241,0.42,0.162
300811,0.222,0.364,0.158
300812,0.259,0.443,0.179
300816,0.171,0.359,0.137
300817,0.199,0.329,0.158
300819,0.195,0.399,0.165
300820,0.168,0.227,0.128
300822,0.192,0.344,0.16
300823,0.212,0.336,0.167
300827,0.192,0.344,0.16
300755,0.136,0.261,0.11
300828,0.314,0.453,0.236
300830,0.275,0.391,0.2
300831,0.212,0.336,0.167
300833,0.184,0.25,0.138
300834,0.166,0.219,0.126
300835,0.185,0.251,0.139
300837,0.278,0.408,0.202
300839,0.212,0.336,0.167
300840,0.156,0.29,0.125
300843,0.162,0.278,0.119
300756,0.132,0.257,0.107
300844,0.268,0.366,0.194
300846,0.17,0.294,0.125
300847,0.185,0.334,0.148
300848,0.169,0.302,0.132
300849,0.17,0.294,0.125
300851,0.274,0.387,0.198
300852,0.278,0.394,0.201
300854,0.268,0.348,0.2
300855,0.278,0.394,0.201
300856,0.307,0.423,0.233
300770,0.158,0.221,0.131
300857,0.261,0.357,0.19
300859,0.307,0.423,0.233
300860,0.232,0.335,0.177
300864,0.193,0.318,0.136
300865,0.278,0.394,0.201
300890,0.299,0.388,0.251
300891,0.253,0.341,0.211
300900,0.295,0.383,0.242
300901,0.172,0.249,0.133
300912,0.206,0.304,0.147
300772,0.15,0.295,0.115
300926,0.194,0.269,0.151
300928,0.213,0.312,0.16
300929,0.183,0.25,0.131
300933,0.255,0.332,0.199
300934,0.281,0.372,0.214
300937,0.213,0.312,0.16
300938,0.167,0.22,0.131
300939,0.214,0.322,0.157
300940,0.148,0.178,0.122
300944,0.154,0.189,0.122
300773,0.14,0.291,0.109
300945,0.143,0.171,0.106
300951,0.154,0.19,0.122
300952,0.206,0.339,0.149
300953,0.158,0.244,0.125
300954,0.154,0.189,0.122
300956,0.145,0.224,0.116
300959,0.145,0.224,0.116
301724,0.148,0.199,0.125
300774,0.186,0.218,0.151
300777,0.174,0.253,0.146
20171,0.109,0.272,0.081
29462,0.205,0.375,0.157
9545,0.135,0.32,0.103
7523,0.135,0.32,0.103
29463,0.213,0.234,0.174
37009,0.159,0.273,0.133
37010,0.15,0.263,0.13
20299,0.135,0.216,0.118
342673,0.196,0.245,0.137
36340,0.129,0.256,0.102
36354,0.116,0.21,0.091
36228,0.114,0.184,0.083
40840,0.181,0.264,0.146
36438,0.113,0.192,0.082
7863,0.133,0.301,0.087
36583,0.134,0.29,0.086
903106,0.13,0.19,0.1
36225,0.134,0.257,0.1
26442,0.138,0.314,0.098
36717,0.156,0.233,0.128
36415,0.137,0.28,0.09
36251,0.137,0.213,0.102
29352,0.185,0.215,0.113
36234,0.109,0.244,0.075
26553,0.168,0.354,0.125
36291,0.141,0.184,0.099
36207,0.142,0.298,0.098
36456,0.115,0.173,0.087
40676,0.184,0.272,0.144
36344,0.126,0.235,0.101
36199,0.158,0.197,0.127
28570,0.125,0.237,0.106
36318,0.142,0.193,0.108
36194,0.158,0.197,0.127
36250,0.137,0.213,0.102
32999,0.24,0.402,0.203
36478,0.113,0.192,0.082
36633,0.185,0.322,0.119
36659,0.111,0.151,0.086
36322,0.121,0.183,0.097
36387,0.145,0.194,0.111
36243,0.113,0.172,0.088
29404,0.189,0.209,0.137
36410,0.189,0.316,0.145
29379,0.196,0.236,0.149
300966,NA,NA,NA
36588,0.134,0.29,0.086
36567,0.131,0.28,0.095
36200,0.147,0.189,0.109
29594,0.208,0.304,0.159
36665,0.118,0.222,0.094
36196,0.147,0.184,0.119
36380,0.142,0.195,0.113
36381,0.142,0.195,0.113
300850,0.319,0.408,0.256
352622,0.279,0.498,0.175
303954,0.197,0.276,0.158
26449,0.153,0.21,0.126
36854,0.171,0.22,0.146
68153,0.184,0.371,0.137
866,0.18,0.275,0.098
28549,0.131,0.272,0.108
36699,0.113,0.225,0.092
36349,0.108,0.239,0.082
40677,0.194,0.281,0.156
36721,0.184,0.313,0.123
40756,0.197,0.294,0.149
2344,0.125,0.232,0.103
555556066,0.139,0.228,0.119
29499,0.183,0.274,0.133
7517,0.12,0.247,0.09
29484,0.213,0.412,0.169
7518,0.127,0.264,0.101
670,0.19,0.35,0.152
28571,0.134,0.224,0.105
29371,0.198,0.224,0.127
40836,0.181,0.265,0.146
36501,0.101,0.208,0.081
7390,0.26,0.362,0.193
29335,NA,NA,NA
20976,0.135,0.29,0.106
555556065,0.152,0.234,0.131
37144,0.238,0.402,0.184
36185,0.135,0.173,0.104
5161,0.226,0.27,0.21
29391,0.182,0.221,0.149
555556067,0.145,0.242,0.124
2252,0.106,0.2,0.086
2578,0.225,0.398,0.124
68151,0.225,0.398,0.124
29974,0.269,0.349,0.202
36375,0.114,0.184,0.083
19277,0.21,0.354,0.176
29583,0.208,0.339,0.135
36338,0.132,0.232,0.105
36602,0.131,0.187,0.101
300732,0.108,0.136,0.085
29416,0.184,0.206,0.106
352629,0.262,0.454,0.159
36746,0.149,0.27,0.107
40865,0.197,0.301,0.164
36198,0.158,0.197,0.127
300818,0.26,0.352,0.184
36574,0.11,0.208,0.081
36913,0.221,0.262,0.176
40829,0.141,0.254,0.109
29598,0.219,0.33,0.172
36197,0.156,0.193,0.126
36473,0.109,0.16,0.081
33050,0.207,0.249,0.174
36591,0.128,0.285,0.084
36277,0.123,0.184,0.094
37146,0.135,0.29,0.106
342658,0.199,0.272,0.119
36411,0.137,0.186,0.102
303950,0.165,0.328,0.111
36599,0.137,0.261,0.086
36428,0.126,0.163,0.096
36481,0.112,0.262,0.09
36525,0.139,0.179,0.102
36731,0.121,0.2,0.101
36358,0.142,0.186,0.116
36527,0.139,0.179,0.102
36302,0.138,0.183,0.089
36189,0.135,0.173,0.104
36301,0.146,0.195,0.078
36372,0.132,0.171,0.095
29624,0.174,0.253,0.146
36326,0.127,0.177,0.106
9176,0.21,0.419,0.164
36972,NA,NA,NA
36761,0.155,0.234,0.129
7834,0.14,0.298,0.108
40830,NA,NA,NA
300893,0.185,0.3,0.153
300878,0.249,0.339,0.188
36947,0.185,0.3,0.153
300825,0.196,0.219,0.154
36824,0.196,0.219,0.154
36815,0.171,0.247,0.145
36779,0.137,0.261,0.086
36750,0.137,0.261,0.086
37032,0.152,0.178,0.132
36778,0.12,0.266,0.089
36922,0.244,0.38,0.183
36843,0.196,0.219,0.154
37000,0.153,0.21,0.133
37037,0.227,0.311,0.21
300886,0.197,0.311,0.165
36774,0.131,0.278,0.103
36805,0.169,0.257,0.142
36973,0.142,0.179,0.116
36988,0.139,0.178,0.122
36984,0.174,0.28,0.147
300883,0.189,0.301,0.158
37014,0.139,0.206,0.118
36814,0.179,0.279,0.14
300862,0.268,0.367,0.194
37025,0.192,0.294,0.156
300898,0.229,0.342,0.182
36836,0.186,0.258,0.161
36809,0.2,0.292,0.167
40799,0.199,0.282,0.155
36783,0.198,0.223,0.169
40800,0.2,0.285,0.155
40782,0.212,0.318,0.182
36632,0.174,0.311,0.111
37147,0.193,0.299,0.156
36948,0.2,0.3,0.164
342474,0.183,0.293,0.137
9033,0.309,0.388,0.26
36526,0.139,0.179,0.102
36296,0.142,0.195,0.113
7875,0.142,0.182,0.1
36285,0.125,0.191,0.093
555556057,0.138,0.193,0.11
29980,0.247,0.332,0.184
36176,0.126,0.239,0.101
36420,0.128,0.173,0.095
36369,0.132,0.171,0.095
2340,0.14,0.265,0.117
36306,0.146,0.195,0.078
29434,0.167,0.254,0.142
29408,0.184,0.215,0.14
29406,0.193,0.234,0.125
36446,0.11,0.159,0.085
36616,0.132,0.181,0.097
2333,0.305,0.555,0.159
2332,0.283,0.437,0.14
40894,0.197,0.276,0.158
2329,0.14,0.235,0.11
36244,0.115,0.171,0.09
29370,0.202,0.258,0.169
317192,0.17,0.251,0.13
903107,0.106,0.209,0.076
300680,0.161,0.274,0.131
300690,0.123,0.184,0.094
300691,0.122,0.184,0.09
300692,0.123,0.184,0.094
300693,0.126,0.18,0.095
300694,0.136,0.209,0.1
300695,0.134,0.235,0.099
300696,0.134,0.235,0.099
300697,0.134,0.235,0.099
300699,0.126,0.194,0.1
300681,0.161,0.274,0.131
300700,0.136,0.192,0.103
300701,0.134,0.187,0.102
300702,0.118,0.161,0.089
300703,0.111,0.167,0.085
300704,0.133,0.17,0.099
300705,0.113,0.188,0.082
300706,0.133,0.17,0.099
300707,0.133,0.17,0.099
300708,0.133,0.17,0.099
300709,0.15,0.175,0.104
300682,0.161,0.274,0.131
300711,0.145,0.182,0.108
300712,0.142,0.178,0.105
300713,0.146,0.182,0.114
300714,0.137,0.186,0.102
300715,0.146,0.185,0.111
300716,0.117,0.173,0.09
300717,0.143,0.196,0.107
300723,0.119,0.225,0.095
300724,0.12,0.226,0.095
300725,0.12,0.226,0.095
300728,0.1,0.198,0.078
300733,0.147,0.191,0.11
300734,0.147,0.191,0.11
300736,0.128,0.162,0.097
300740,0.137,0.204,0.108
300742,0.147,0.191,0.11
300744,0.147,0.191,0.11
300745,0.147,0.191,0.11
300746,0.147,0.191,0.11
300751,0.112,0.262,0.09
300684,0.135,0.209,0.099
300752,0.128,0.162,0.097
300757,0.132,0.189,0.103
300758,0.162,0.239,0.124
300760,0.129,0.213,0.106
300765,0.162,0.239,0.124
300766,0.111,0.151,0.086
300769,0.162,0.239,0.124
300771,0.162,0.239,0.124
300685,0.135,0.209,0.099
300799,0.126,0.233,0.097
300801,0.13,0.264,0.09
300896,0.218,0.323,0.166
300686,0.138,0.197,0.104
300906,0.218,0.323,0.166
300916,0.218,0.323,0.166
300917,0.197,0.292,0.152
300922,0.196,0.315,0.155
300687,0.145,0.206,0.096
300925,0.196,0.315,0.155
300688,0.131,0.196,0.097
303926,0.212,0.315,0.161
303927,0.212,0.315,0.161
303928,0.2,0.243,0.154
303929,NA,NA,NA
303930,NA,NA,NA
303931,NA,NA,NA
303932,NA,NA,NA
303933,0.187,0.266,0.146
352667,0.156,0.244,0.061
352690,NA,NA,NA
352606,0.301,0.494,0.142
352687,0.187,0.254,0.119
352669,0.242,0.322,0.189
352641,0.241,0.338,0.165
352647,0.227,0.31,0.167
352632,NA,NA,NA
352677,0.176,0.264,0.103
352661,0.191,0.281,0.128
352694,0.153,0.232,0.096
352637,0.204,0.395,0.123
352685,0.168,0.237,0.084
352686,0.168,0.237,0.084
352652,0.221,0.305,0.165
352688,NA,NA,NA
352620,0.262,0.468,0.17
352673,0.243,0.318,0.191
352640,0.19,0.342,0.122
352658,0.223,0.299,0.169
352615,0.314,0.598,0.165
352689,NA,NA,NA
352670,0.211,0.291,0.146
352692,NA,NA,NA
352695,0.173,0.276,0.139
352657,0.18,0.275,0.098
352638,0.265,0.385,0.161
352699,0.211,0.295,0.158
352676,0.16,0.249,0.12
352666,0.173,0.276,0.139
352663,0.21,0.293,0.158
352639,0.205,0.396,0.123
352610,0.24,0.338,0.169
352683,0.24,0.31,0.179
352672,0.173,0.276,0.139
352668,0.241,0.316,0.188
352675,0.244,0.33,0.181
352612,NA,NA,NA
352674,0.242,0.322,0.189
13930,NA,NA,NA
352649,0.213,0.299,0.147
352648,0.202,0.311,0.13
352646,0.191,0.302,0.119
352644,0.221,0.298,0.149
352660,0.174,0.267,0.124
352682,0.249,0.32,0.19
352693,0.187,0.254,0.119
352611,0.243,0.348,0.171
352635,NA,NA,NA
352653,0.202,0.314,0.129
352605,0.332,0.535,0.151
352655,0.166,0.292,0.11
352634,0.262,0.38,0.172
352659,0.148,0.262,0.095
352662,0.189,0.268,0.14
352656,0.171,0.285,0.112
352618,0.191,0.321,0.107
352626,0.228,0.33,0.154
352698,0.148,0.262,0.095
352671,0.211,0.291,0.146
352643,0.199,0.364,0.12
352696,NA,NA,NA
352697,NA,NA,NA
352636,0.217,0.307,0.149
352654,0.223,0.306,0.161
352630,NA,NA,NA
352608,0.243,0.348,0.171
352684,0.168,0.237,0.084
352679,0.235,0.296,0.178
352645,0.157,0.311,0.111
352678,0.164,0.258,0.128
352691,NA,NA,NA
352665,0.156,0.244,0.061
352642,0.212,0.299,0.147
352680,0.189,0.264,0.114
352681,0.185,0.253,0.116
352664,0.207,0.272,0.159
352651,0.223,0.306,0.161
300815,0.168,0.343,0.137
2342,0.107,0.227,0.079
29387,0.187,0.208,0.126
300779,0.174,0.253,0.146
300786,0.157,0.328,0.124
555512165,0.225,0.368,0.192
29359,0.201,0.233,0.175
36448,0.112,0.275,0.076
36610,0.189,0.316,0.145
40678,0.146,0.23,0.117
303943,0.123,0.258,0.096
40838,0.141,0.254,0.109
36267,0.135,0.209,0.099
36772,0.132,0.222,0.111
36927,0.211,0.318,0.172
3230,0.257,0.356,0.207
36218,0.116,0.278,0.078
36493,0.114,0.193,0.083
36270,0.122,0.184,0.09
36406,0.133,0.163,0.099
36424,0.153,0.178,0.109
36231,0.113,0.257,0.076
36755,0.135,0.244,0.1
36521,0.155,0.237,0.121
20975,0.113,0.264,0.081
36536,0.123,0.16,0.094
29402,0.212,0.249,0.128
26443,0.11,0.241,0.086
26444,0.116,0.271,0.089
342473,0.144,0.175,0.112
36817,0.179,0.279,0.14
29413,0.174,0.214,0.144
37148,0.238,0.402,0.184
29340,0.202,0.243,0.137
36382,0.142,0.195,0.113
36718,0.156,0.233,0.128
36901,0.161,0.204,0.136
36716,0.193,0.294,0.153
36465,0.119,0.225,0.095
36209,0.147,0.349,0.098
36485,0.114,0.193,0.083
36483,0.114,0.193,0.083
36195,0.138,0.183,0.098
36172,0.198,0.308,0.16
36208,0.13,0.295,0.089
36303,0.138,0.186,0.095
7873,0.172,0.195,0.146
36507,0.099,0.195,0.08
36395,0.14,0.177,0.102
36403,0.187,0.297,0.143
36348,0.132,0.291,0.111
36230,0.132,0.285,0.091
36614,0.178,0.292,0.132
29477,0.181,0.298,0.149
300749,0.173,0.23,0.153
36851,0.141,0.212,0.115
5153,0.112,0.235,0.088
555512168,0.176,0.225,0.149
29990,0.269,0.349,0.202
36885,0.234,0.354,0.187
36237,0.11,0.159,0.085
36912,0.196,0.25,0.151
36686,0.199,0.416,0.152
36643,0.12,0.199,0.099
36662,0.111,0.151,0.086
303937,0.112,0.187,0.092
26538,0.131,0.276,0.102
40775,0.201,0.275,0.17
36335,0.133,0.269,0.109
7844,0.143,0.172,0.126
36989,0.143,0.172,0.126
36669,0.118,0.222,0.094
36684,0.175,0.271,0.133
36258,0.137,0.213,0.102
36705,0.122,0.255,0.094
36351,0.111,0.218,0.088
36652,0.112,0.161,0.087
36370,0.132,0.171,0.095
36617,0.129,0.213,0.106
29504,0.155,0.208,0.102
40757,0.197,0.294,0.149
36271,0.122,0.184,0.09
555542335,0.213,0.349,0.168
9171,0.207,0.373,0.17
36477,0.114,0.193,0.083
36452,0.112,0.278,0.076
28537,0.123,0.26,0.101
303922,0.284,0.474,0.224
29516,0.234,0.326,0.184
36175,0.16,0.228,0.129
28563,0.14,0.242,0.106
300780,0.166,0.26,0.138
29414,0.209,0.338,0.174
29581,0.271,0.389,0.199
6950,0.11,0.221,0.089
300894,0.17,0.25,0.128
29597,0.227,0.391,0.147
29355,0.206,0.264,0.166
2321,0.154,0.35,0.099
555512169,0.156,0.221,0.12
29351,0.206,0.257,0.151
9170,0.134,0.17,0.103
36585,0.148,0.296,0.102
36751,0.146,0.277,0.093
36229,0.113,0.187,0.083
36433,0.118,0.162,0.089
36611,0.189,0.316,0.145
902737,0.369,0.509,0.247
29356,0.206,0.264,0.166
29381,0.198,0.224,0.127
68154,NA,NA,NA
36367,0.138,0.188,0.105
36282,0.125,0.191,0.093
36184,0.135,0.173,0.104
29464,0.223,0.269,0.184
36431,0.112,0.17,0.083
62088,0.112,0.17,0.083
36235,0.11,0.159,0.085
36345,0.116,0.199,0.091
36204,0.135,0.204,0.099
36613,0.14,0.176,0.104
36429,0.113,0.192,0.082
36177,0.122,0.178,0.097
555547522,NA,NA,NA
36360,0.146,0.182,0.114
36545,0.146,0.225,0.112
36703,0.116,0.138,0.095
36425,0.164,0.194,0.112
36607,0.131,0.232,0.104
36178,0.162,0.291,0.131
36638,0.136,0.247,0.101
36241,0.117,0.182,0.088
36609,0.189,0.316,0.145
36575,0.128,0.163,0.101
36316,0.142,0.193,0.108
36309,0.145,0.185,0.108
36275,0.123,0.184,0.094
36278,0.123,0.184,0.094
37149,0.209,0.263,0.176
300858,0.176,0.278,0.136
36274,0.134,0.184,0.102
1293,0.155,0.332,0.119
29401,0.208,0.246,0.16
29636,0.148,0.179,0.119
300832,0.194,0.25,0.163
29508,0.169,0.231,0.133
36813,0.179,0.279,0.14
36862,0.203,0.289,0.172
7852,0.241,0.412,0.184
36727,0.241,0.412,0.184
36977,0.179,0.267,0.144
36371,0.132,0.171,0.095
36639,0.136,0.247,0.101
36819,0.178,0.289,0.151
7463,0.187,0.26,0.16
300863,0.191,0.273,0.163
36801,0.195,0.271,0.166
36405,0.164,0.282,0.123
36980,0.166,0.27,0.141
36914,0.195,0.313,0.17
36807,0.186,0.287,0.158
36992,0.159,0.193,0.132
37035,NA,NA,NA
36832,0.161,0.234,0.134
36828,0.188,0.216,0.152
36359,0.152,0.278,0.129
36594,0.137,0.28,0.09
36925,0.206,0.31,0.165
36875,0.216,0.338,0.166
36788,0.198,0.223,0.169
36990,0.207,0.27,0.195
67983,NA,NA,NA
67988,NA,NA,NA
20174,NA,NA,NA
67984,0.182,0.216,0.121
36793,0.14,0.163,0.114
36324,0.122,0.172,0.091
36352,0.119,0.234,0.09
36461,0.11,0.15,0.082
555556056,0.5,0.572,0.44
36944,0.2,0.3,0.164
36838,0.204,0.288,0.174
36789,0.198,0.223,0.169
29526,0.168,0.227,0.128
36974,0.175,0.26,0.141
36968,0.23,0.343,0.182
29505,0.141,0.174,0.106
36930,0.193,0.285,0.166
36931,0.193,0.285,0.166
36182,0.132,0.167,0.108
36784,0.198,0.223,0.169
36826,0.186,0.258,0.161
36802,0.176,0.224,0.15
36803,0.176,0.224,0.15
36790,0.185,0.22,0.153
36997,0.192,0.305,0.161
36923,0.218,0.323,0.166
36955,0.205,0.308,0.164
300899,0.189,0.3,0.144
36928,0.192,0.293,0.163
36581,0.129,0.254,0.102
36320,0.131,0.196,0.097
36506,0.099,0.198,0.08
36653,0.112,0.161,0.087
36246,0.128,0.161,0.1
36713,0.183,0.275,0.141
36432,0.127,0.173,0.094
36492,0.114,0.193,0.083
36444,0.111,0.167,0.085
300737,0.142,0.26,0.109
36386,0.146,0.185,0.111
36513,0.165,0.24,0.125
36482,0.112,0.262,0.09
36413,0.137,0.186,0.102
40841,0.145,0.224,0.116
36459,0.109,0.201,0.086
40679,0.246,0.333,0.213
36542,0.161,0.243,0.123
36426,0.118,0.177,0.093
36248,0.113,0.16,0.089
303955,0.246,0.333,0.213
40762,0.203,0.3,0.172
300913,0.193,0.299,0.156
36648,0.129,0.213,0.106
26509,0.19,0.34,0.153
36391,0.143,0.196,0.107
29428,0.17,0.218,0.144
26510,0.156,0.266,0.131
36624,0.15,0.216,0.112
36193,0.158,0.197,0.127
1049,0.112,0.192,0.093
37151,0.137,0.277,0.103
40783,0.212,0.318,0.182
36190,0.135,0.173,0.104
36682,0.121,0.2,0.101
36664,0.114,0.154,0.092
36491,0.114,0.193,0.083
36615,0.125,0.177,0.094
36646,0.129,0.213,0.106
36564,0.107,0.151,0.078
36313,0.142,0.193,0.108
36314,0.142,0.193,0.108
36174,0.16,0.228,0.129
819,0.11,0.212,0.084
40803,0.197,0.301,0.164
36764,0.15,0.228,0.122
36368,0.132,0.171,0.095
36909,0.196,0.25,0.151
36565,0.107,0.151,0.078
36892,0.196,0.373,0.147
29397,0.206,0.264,0.166
26460,0.156,0.237,0.119
29385,0.187,0.208,0.126
5152,0.203,0.301,0.165
36245,0.115,0.156,0.085
313435,0.136,0.24,0.114
29330,NA,NA,NA
36488,0.114,0.193,0.083
36694,0.111,0.21,0.092
36693,0.112,0.262,0.09
37023,0.192,0.294,0.156
36211,0.132,0.309,0.086
36623,0.162,0.239,0.124
300870,0.191,0.227,0.137
11596,0.193,0.309,0.145
36710,0.187,0.299,0.145
29372,0.202,0.258,0.169
303925,0.246,0.357,0.194
29972,0.219,0.308,0.173
300814,0.254,0.379,0.18
36759,0.141,0.344,0.102
7874,0.146,0.262,0.104
36505,0.114,0.193,0.083
36292,0.144,0.193,0.082
36722,0.188,0.321,0.126
303942,0.14,0.263,0.105
5180,0.261,0.391,0.203
303951,0.155,0.322,0.126
36325,0.125,0.166,0.1
28572,0.127,0.21,0.103
300762,0.135,0.29,0.106
36295,0.145,0.206,0.096
303939,0.116,0.17,0.093
303945,0.138,0.314,0.098
36167,0.152,0.274,0.125
28524,0.146,0.26,0.119
36396,0.14,0.177,0.102
36706,0.113,0.153,0.084
36640,0.136,0.247,0.101
36236,0.11,0.159,0.085
36760,0.13,0.252,0.097
36642,0.136,0.247,0.101
36728,0.241,0.412,0.184
300720,0.111,0.208,0.082
303923,0.243,0.327,0.185
11597,0.241,0.282,0.207
300919,0.281,0.37,0.214
36566,0.109,0.151,0.085
36257,0.125,0.191,0.093
36896,0.215,0.295,0.178
36289,0.138,0.183,0.098
36280,0.123,0.191,0.091
300931,0.281,0.372,0.214
36343,0.132,0.267,0.104
36311,0.147,0.189,0.109
36262,0.123,0.184,0.094
36173,0.182,0.229,0.155
36732,0.123,0.217,0.093
37152,0.134,0.265,0.107
2325,0.118,0.185,0.095
36232,0.115,0.246,0.082
2339,0.113,0.252,0.079
36443,0.109,0.158,0.083
5157,0.22,0.36,0.185
29333,NA,NA,NA
352614,0.303,0.513,0.167
352621,0.309,0.533,0.181
352650,0.213,0.299,0.147
2289,0.203,0.287,0.137
36205,0.142,0.241,0.107
555555549,0.185,0.248,0.148
29623,0.171,0.248,0.144
37153,0.135,0.29,0.106
36470,0.126,0.161,0.107
29567,0.163,0.353,0.124
36523,0.139,0.179,0.102
36474,0.098,0.212,0.073
300810,0.182,0.213,0.147
36680,0.112,0.161,0.087
36679,0.114,0.208,0.083
26511,0.191,0.343,0.153
300838,0.171,0.315,0.139
29600,0.152,0.311,0.125
7516,0.133,0.221,0.101
29546,0.143,0.289,0.111
36389,0.127,0.165,0.095
36466,0.119,0.225,0.095
36378,0.129,0.157,0.097
62087,0.129,0.157,0.097
36657,0.109,0.148,0.081
1543,0.25,0.372,0.203
300963,NA,NA,NA
36698,0.113,0.225,0.092
40680,0.198,0.286,0.154
36247,0.118,0.174,0.092
36453,0.112,0.166,0.085
36553,0.111,0.179,0.076
36451,0.113,0.282,0.077
2324,0.17,0.269,0.13
313442,0.131,0.24,0.105
29478,0.202,0.258,0.169
29377,0.202,0.258,0.169
67987,NA,NA,NA
36568,0.131,0.28,0.095
300754,0.171,0.238,0.144
29396,0.2,0.291,0.169
36304,0.138,0.186,0.095
300826,0.261,0.353,0.185
300735,0.128,0.263,0.089
37156,0.135,0.29,0.106
28547,0.124,0.289,0.095
28574,0.137,0.236,0.105
29442,0.165,0.265,0.143
29443,0.173,0.244,0.143
317195,0.143,0.237,0.109
3226,0.102,0.213,0.081
26513,0.219,0.318,0.176
26516,0.219,0.318,0.176
36757,0.136,0.28,0.095
36593,0.135,0.284,0.086
37154,0.191,0.343,0.153
555512166,0.202,0.305,0.157
300867,0.176,0.278,0.136
300910,0.291,0.378,0.241
40734,0.171,0.247,0.134
33145,0.191,0.278,0.137
26573,0.202,0.293,0.168
29570,0.191,0.313,0.131
313427,0.137,0.236,0.105
36600,0.137,0.261,0.086
36590,0.123,0.276,0.087
36589,0.137,0.28,0.09
36264,0.139,0.213,0.104
36331,0.138,0.208,0.106
36212,0.132,0.309,0.086
36641,0.136,0.247,0.101
26522,0.114,0.196,0.092
35161,0.116,0.284,0.09
26574,0.197,0.292,0.159
26446,0.147,0.304,0.105
36511,0.112,0.262,0.09
36533,0.117,0.174,0.087
342475,0.132,0.181,0.097
36327,0.135,0.173,0.104
36748,0.176,0.295,0.119
36725,0.196,0.372,0.147
36741,0.13,0.264,0.09
36742,0.138,0.264,0.095
36749,0.176,0.295,0.119
36747,0.176,0.295,0.119
36723,0.191,0.33,0.132
36724,0.196,0.37,0.147
36739,0.13,0.264,0.09
36745,0.225,0.396,0.16
36734,0.13,0.265,0.093
36737,0.13,0.265,0.093
36548,0.147,0.191,0.11
36907,0.189,0.22,0.158
36394,0.14,0.177,0.102
36540,0.142,0.18,0.107
36672,0.118,0.222,0.094
10733,0.207,0.317,0.161
36765,0.133,0.239,0.107
36650,0.129,0.213,0.106
36595,0.124,0.271,0.091
36227,0.116,0.18,0.094
36592,0.126,0.287,0.088
5156,0.112,0.159,0.084
36777,0.126,0.287,0.088
300710,0.109,0.153,0.083
342480,0.189,0.316,0.145
36587,0.115,0.251,0.083
40776,0.206,0.288,0.173
36364,0.146,0.182,0.114
36350,0.108,0.193,0.085
36502,0.12,0.226,0.095
40804,0.197,0.301,0.164
36539,0.134,0.165,0.104
36222,0.116,0.278,0.078
36555,0.159,0.259,0.111
68788,0.148,0.272,0.125
36402,0.145,0.194,0.111
6953,0.104,0.146,0.08
29445,0.164,0.299,0.139
33005,0.204,0.255,0.179
5158,0.202,0.249,0.178
67823,0.124,0.221,0.105
67822,0.162,0.308,0.127
902738,0.224,0.343,0.191
902739,0.177,0.21,0.135
902740,0.234,0.282,0.188
6951,0.115,0.222,0.09
28553,0.126,0.234,0.104
36559,0.119,0.148,0.088
303959,0.179,0.363,0.122
30017,0.181,0.301,0.151
36695,0.121,0.214,0.1
36740,0.13,0.264,0.09
300793,0.136,0.214,0.11
36776,0.124,0.271,0.091
29806,NA,NA,NA
33048,0.196,0.245,0.137
36792,0.18,0.198,0.144
36701,0.13,0.156,0.098
29488,0.196,0.295,0.164
29556,0.212,0.336,0.167
36450,0.113,0.282,0.077
903113,0.131,0.265,0.09
555542457,0.162,0.226,0.13
555547987,0.601,0.708,0.529
29986,NA,NA,NA
26564,0.16,0.337,0.128
7860,0.15,0.177,0.105
36512,0.155,0.183,0.103
555547526,0.214,0.305,0.129
36696,0.133,0.231,0.108
36683,0.153,0.251,0.117
869,0.257,0.422,0.178
36806,0.186,0.287,0.158
36687,0.199,0.416,0.152
300753,0.15,0.204,0.125
29357,0.165,0.265,0.143
26627,NA,NA,NA
36165,0.149,0.255,0.123
36480,0.105,0.192,0.083
36462,0.111,0.202,0.094
29586,0.136,0.261,0.11
36552,0.115,0.149,0.091
36490,0.114,0.193,0.083
37155,0.211,0.338,0.163
36447,0.109,0.244,0.075
36541,0.161,0.243,0.123
352624,0.303,0.52,0.176
36835,0.173,0.197,0.145
36407,0.137,0.186,0.102
29461,0.205,0.375,0.157
300800,0.178,0.361,0.127
28564,0.126,0.269,0.1
33007,0.185,0.342,0.155
36464,0.12,0.226,0.095
29968,0.21,0.301,0.166
8517,0.209,0.301,0.166
300759,0.14,0.291,0.109
300743,0.136,0.261,0.11
352613,0.295,0.513,0.159
37018,0.17,0.28,0.141
37028,NA,NA,NA
903108,0.127,0.28,0.087
37031,NA,NA,NA
29506,0.178,0.226,0.14
36656,0.112,0.161,0.087
36655,0.112,0.161,0.087
36223,0.109,0.244,0.075
36636,0.136,0.247,0.101
36408,0.137,0.186,0.102
36191,0.138,0.18,0.098
9265,0.105,0.225,0.082
29552,0.167,0.269,0.139
36457,0.109,0.244,0.075
36254,0.131,0.196,0.097
36676,0.13,0.265,0.093
36551,0.111,0.154,0.085
36719,0.159,0.223,0.133
36903,0.203,0.248,0.163
36260,0.123,0.184,0.094
36286,0.125,0.191,0.093
36284,0.125,0.191,0.093
36635,0.136,0.244,0.102
36398,0.15,0.175,0.104
36390,0.143,0.196,0.107
36471,0.143,0.167,0.122
29459,0.236,0.427,0.191
36871,0.233,0.398,0.161
36419,0.132,0.181,0.097
29982,0.197,0.237,0.153
36434,0.109,0.191,0.083
36339,0.129,0.268,0.101
40806,0.197,0.301,0.164
40839,0.141,0.254,0.109
36965,0.22,0.327,0.176
642,0.119,0.169,0.084
555556064,0.132,0.177,0.106
555556051,0.138,0.193,0.11
5166,0.11,0.201,0.083
36560,0.111,0.134,0.081
36561,0.103,0.131,0.074
29542,0.295,0.383,0.242
36557,0.13,0.225,0.098
40777,0.206,0.288,0.173
342662,0.18,0.221,0.094
36169,0.191,0.307,0.159
40816,0.248,0.339,0.188
29498,0.183,0.274,0.133
36323,0.125,0.166,0.102
36627,0.137,0.261,0.086
26447,0.112,0.248,0.087
722,0.234,0.323,0.189
300879,0.282,0.354,0.22
36463,0.12,0.226,0.095
36365,0.132,0.159,0.104
28581,0.124,0.221,0.105
13749,0.162,0.308,0.127
555542456,NA,NA,NA
36441,0.115,0.181,0.087
36317,0.142,0.193,0.108
28576,0.121,0.207,0.104
36376,0.136,0.206,0.113
300932,0.194,0.269,0.151
29066,0.2,0.367,0.165
36300,0.146,0.195,0.078
29545,0.268,0.348,0.2
36283,0.125,0.191,0.093
36203,0.135,0.208,0.099
36460,0.115,0.279,0.079
36298,0.146,0.195,0.078
26524,0.115,0.24,0.093
36217,0.115,0.256,0.074
36911,0.182,0.21,0.136
36186,0.135,0.173,0.104
36915,0.195,0.313,0.17
36882,0.221,0.332,0.174
36883,0.221,0.332,0.174
36888,0.209,0.311,0.166
36917,0.227,0.297,0.193
36916,0.227,0.297,0.193
36874,0.182,0.271,0.132
36897,0.227,0.297,0.193
36876,0.221,0.332,0.174
36884,0.234,0.354,0.187
36890,0.209,0.384,0.155
354002,0.225,0.38,0.187
352631,0.208,0.378,0.132
11599,0.196,0.275,0.17
36800,0.196,0.275,0.17
36255,0.125,0.191,0.093
36220,0.123,0.278,0.088
36500,0.104,0.202,0.085
29460,0.203,0.26,0.159
36605,0.188,0.293,0.142
40851,0.192,0.277,0.142
40866,0.197,0.301,0.164
29384,0.212,0.249,0.128
37159,0.191,0.343,0.153
29388,0.2,0.291,0.169
36895,0.234,0.354,0.187
36334,0.133,0.269,0.109
36449,0.111,0.167,0.085
669,0.127,0.298,0.094
36215,0.111,0.25,0.074
29382,0.212,0.249,0.128
37160,0.124,0.26,0.091
36685,0.175,0.271,0.133
36715,0.129,0.248,0.105
29640,0.315,0.548,0.227
724,0.214,0.332,0.162
723,0.169,0.245,0.148
6956,0.15,0.262,0.117
29503,0.269,0.383,0.198
1295,0.215,0.433,0.165
29067,0.195,0.393,0.157
300824,0.281,0.435,0.205
36852,0.173,0.246,0.144
40758,0.21,0.302,0.167
300738,0.128,0.263,0.089
29524,0.155,0.203,0.121
29331,NA,NA,NA
29353,0.219,0.326,0.185
300955,0.202,0.31,0.165
300829,0.301,0.452,0.214
29617,0.181,0.291,0.146
29470,0.235,0.409,0.205
29468,0.289,0.467,0.228
29412,0.184,0.226,0.146
29618,0.153,0.234,0.131
300897,0.17,0.25,0.128
300853,0.238,0.349,0.2
29487,0.201,0.258,0.171
29614,0.176,0.318,0.123
29472,0.199,0.354,0.162
36221,0.123,0.278,0.088
36266,0.135,0.209,0.099
36319,0.131,0.196,0.097
40817,0.188,0.275,0.138
36628,0.137,0.261,0.086
29410,0.195,0.247,0.118
29415,0.179,0.212,0.12
300782,0.143,0.316,0.11
2293,0.196,0.29,0.145
300948,0.158,0.244,0.125
36281,0.125,0.191,0.093
36518,0.165,0.24,0.125
313428,0.126,0.226,0.108
36437,0.109,0.198,0.084
28550,0.123,0.264,0.102
313441,0.12,0.197,0.097
36630,0.162,0.299,0.102
36700,0.107,0.192,0.088
26525,0.116,0.17,0.093
300809,0.171,0.363,0.143
36707,0.138,0.178,0.103
36393,0.138,0.183,0.098
342477,0.202,0.241,0.165
26448,0.122,0.271,0.086
37164,0.11,0.253,0.077
303938,0.14,0.263,0.105
28555,0.125,0.19,0.102
5178,0.232,0.345,0.15
300872,0.311,0.444,0.26
40831,NA,NA,NA
555556050,0.138,0.188,0.113
555556063,0.145,0.188,0.119
40832,NA,NA,NA
303956,NA,NA,NA
36219,0.13,0.279,0.081
36206,0.134,0.289,0.094
300964,NA,NA,NA
36904,0.203,0.248,0.163
36467,0.106,0.153,0.086
29509,0.158,0.244,0.125
36910,0.196,0.25,0.151
317286,0.173,0.199,0.129
28565,0.134,0.237,0.106
300947,0.131,0.178,0.083
29635,0.176,0.258,0.132
555556059,0.145,0.24,0.123
555556055,0.146,0.236,0.124
20175,0.215,0.433,0.165
36668,0.118,0.222,0.094
29973,0.251,0.338,0.192
36677,0.116,0.215,0.087
5173,0.14,0.24,0.108
36663,0.113,0.151,0.092
36951,0.196,0.299,0.158
2580,0.214,0.29,0.163
865,0.214,0.29,0.163
28557,0.147,0.297,0.122
29637,0.202,0.31,0.165
109037,0.18,0.275,0.098
2290,0.18,0.275,0.098
300930,0.213,0.312,0.16
36954,0.196,0.299,0.158
40784,0.212,0.318,0.182
36963,0.23,0.31,0.175
40852,0.158,0.241,0.126
40682,0.192,0.277,0.142
29448,0.163,0.277,0.142
40889,0.2,0.279,0.168
40787,0.197,0.292,0.159
36166,0.176,0.274,0.148
40785,0.207,0.282,0.177
40786,0.207,0.282,0.177
28525,0.139,0.248,0.116
40872,0.207,0.278,0.188
40807,0.193,0.288,0.155
36960,0.2,0.3,0.164
26526,0.132,0.291,0.094
300877,0.238,0.402,0.184
36762,0.13,0.26,0.095
36697,0.113,0.225,0.092
40683,0.193,0.276,0.143
37029,0.15,0.194,0.132
36660,0.111,0.151,0.086
36678,0.13,0.265,0.093
36671,0.118,0.222,0.094
29560,0.156,0.267,0.124
40684,0.182,0.285,0.149
300790,0.143,0.295,0.114
300961,NA,NA,NA
902741,0.605,0.664,0.549
36808,0.169,0.257,0.142
37013,0.143,0.239,0.121
36986,0.149,0.205,0.128
37033,0.166,0.246,0.141
36744,0.176,0.295,0.119
37015,0.175,0.292,0.145
37020,0.192,0.294,0.156
26453,0.292,0.468,0.228
40808,0.197,0.283,0.153
303958,0.292,0.468,0.228
303957,0.292,0.468,0.228
29999,NA,NA,NA
40735,0.192,0.277,0.142
40685,0.202,0.297,0.169
300775,0.174,0.253,0.146
36804,0.186,0.287,0.158
36878,0.178,0.245,0.157
26514,0.161,0.285,0.138
36758,0.122,0.214,0.097
37038,0.2,0.279,0.172
36786,0.198,0.223,0.169
300921,0.281,0.372,0.214
40778,0.238,0.321,0.197
36791,0.185,0.22,0.153
36827,0.196,0.219,0.154
36950,0.2,0.3,0.164
36880,0.18,0.257,0.15
36829,0.193,0.222,0.155
36831,0.156,0.185,0.133
36830,0.193,0.222,0.155
37019,0.192,0.294,0.156
36991,0.178,0.251,0.158
903110,0.189,0.281,0.16
36939,0.2,0.3,0.164
36961,0.191,0.302,0.16
36999,0.189,0.281,0.16
36946,0.21,0.303,0.167
7838,0.172,0.27,0.146
36978,0.172,0.27,0.146
37036,0.227,0.311,0.21
36767,0.159,0.235,0.131
867,0.225,0.398,0.124
36966,0.23,0.343,0.182
36868,0.171,0.22,0.146
36936,0.185,0.3,0.153
36983,0.175,0.281,0.148
36850,0.191,0.234,0.167
36849,0.191,0.234,0.167
36942,0.197,0.295,0.162
7465,0.138,0.192,0.119
36979,0.138,0.192,0.119
300796,0.16,0.271,0.138
36879,0.18,0.257,0.15
36856,0.171,0.22,0.146
36863,0.192,0.273,0.162
36578,0.14,0.163,0.114
36994,NA,NA,NA
36798,0.181,0.223,0.152
36796,0.181,0.223,0.152
26625,0.151,0.177,0.124
352625,0.259,0.47,0.158
36797,0.181,0.223,0.152
36766,0.182,0.2,0.147
36987,0.143,0.172,0.126
36943,0.186,0.273,0.158
36811,0.179,0.278,0.14
36787,0.198,0.223,0.169
36799,0.19,0.221,0.145
36971,0.138,0.184,0.119
36820,0.142,0.16,0.12
40867,0.238,0.321,0.197
40779,0.235,0.318,0.195
36833,0.18,0.292,0.151
36976,0.179,0.267,0.144
40687,0.198,0.286,0.154
40686,0.192,0.274,0.143
40868,0.197,0.292,0.159
36855,0.17,0.22,0.142
5177,0.162,0.277,0.139
40737,0.292,0.468,0.228
40857,0.179,0.248,0.142
40780,0.206,0.288,0.173
36981,0.197,0.311,0.165
7843,0.193,0.282,0.166
36867,0.193,0.282,0.166
36952,0.196,0.299,0.158
300903,0.214,0.305,0.129
36846,0.176,0.23,0.149
36812,0.176,0.269,0.138
36822,0.186,0.264,0.156
36993,0.155,0.186,0.127
36785,0.185,0.22,0.153
36998,0.23,0.31,0.175
37003,0.15,0.228,0.13
37004,0.189,0.281,0.16
36848,0.191,0.234,0.167
36975,0.179,0.267,0.144
36810,0.2,0.292,0.167
36881,0.18,0.257,0.15
1250,0.286,0.335,0.255
6955,0.14,0.25,0.114
300747,0.126,0.271,0.101
37169,0.209,0.263,0.176
5162,0.204,0.366,0.17
6954,0.122,0.188,0.098
28540,0.102,0.21,0.08
29456,0.235,0.409,0.205
300902,0.205,0.289,0.117
313438,0.14,0.265,0.116
7417,0.212,0.34,0.167
67965,0.238,0.321,0.197
5154,0.238,0.321,0.197
36982,0.197,0.311,0.165
36840,0.176,0.274,0.147
36837,0.186,0.258,0.161
28527,0.122,0.223,0.103
7856,0.153,0.287,0.123
36689,0.182,0.302,0.138
3228,0.109,0.189,0.09
40759,0.222,0.32,0.173
903111,0.185,0.318,0.124
36514,0.155,0.23,0.12
29358,0.193,0.216,0.163
145528,0.155,0.208,0.102
95397,0.112,0.252,0.079
17727,0.106,0.227,0.083
36782,0.142,0.345,0.102
342657,0.168,0.237,0.084
2253,0.103,0.21,0.079
33010,0.135,0.209,0.113
28578,0.141,0.249,0.105
29465,0.203,0.316,0.162
29466,0.216,0.258,0.176
28535,0.114,0.209,0.091
29378,0.206,0.327,0.173
300882,0.257,0.334,0.21
26543,0.131,0.276,0.102
26527,0.116,0.198,0.094
40688,0.186,0.295,0.153
300965,NA,NA,NA
300731,0.13,0.189,0.108
40809,0.197,0.301,0.164
40810,0.198,0.286,0.154
40739,0.155,0.239,0.118
40869,0.197,0.301,0.164
29421,0.177,0.305,0.15
36626,0.137,0.261,0.086
40880,0.192,0.282,0.168
26528,0.116,0.205,0.092
36572,0.113,0.237,0.082
36421,0.132,0.181,0.097
36293,0.145,0.206,0.096
36310,0.147,0.189,0.109
36299,0.146,0.195,0.078
36544,0.142,0.26,0.109
36515,0.142,0.26,0.109
36546,0.147,0.191,0.11
36608,0.137,0.186,0.102
36188,0.135,0.173,0.104
36373,0.132,0.171,0.095
36569,0.114,0.228,0.079
36666,0.147,0.191,0.11
36333,0.123,0.2,0.099
36528,0.139,0.179,0.102
29638,0.151,0.195,0.111
29515,0.214,0.322,0.157
26501,0.112,0.237,0.09
26544,0.118,0.242,0.093
902838,0.152,0.249,0.116
95398,0.214,0.342,0.169
17367,0.34,0.46,0.275
36537,0.119,0.153,0.09
36584,0.133,0.296,0.086
36675,0.187,0.334,0.129
36563,0.119,0.148,0.088
36558,0.119,0.148,0.088
36242,0.127,0.186,0.103
33046,0.168,0.237,0.084
317051,0.196,0.245,0.137
67985,NA,NA,NA
67986,0.245,0.304,0.149
36902,0.221,0.281,0.178
2288,0.204,0.28,0.145
36579,0.125,0.203,0.1
36908,0.202,0.246,0.161
36315,0.142,0.193,0.108
36305,0.146,0.195,0.078
36308,0.146,0.195,0.078
36547,0.147,0.19,0.11
36330,0.133,0.184,0.106
36399,0.144,0.169,0.099
28528,0.146,0.26,0.119
352628,0.315,0.455,0.183
37170,0.137,0.275,0.103
3225,0.153,0.277,0.127
36337,0.133,0.269,0.109
36287,0.126,0.194,0.1
29398,0.182,0.221,0.149
555556054,0.447,0.587,0.383
342672,0.193,0.237,0.13
300750,0.171,0.238,0.144
29395,0.206,0.264,0.166
7870,0.11,0.163,0.083
36455,0.117,0.163,0.091
300719,0.117,0.163,0.091
37002,0.15,0.228,0.13
29620,0.171,0.238,0.144
36312,0.142,0.191,0.107
36658,0.115,0.173,0.094
36341,0.127,0.241,0.101
29632,0.191,0.284,0.127
10732,0.224,0.379,0.196
26450,0.163,0.213,0.14
7409,0.157,0.201,0.132
33149,0.179,0.279,0.152
40873,0.208,0.289,0.189
29596,0.183,0.302,0.128
36702,0.113,0.153,0.084
29629,0.33,0.473,0.252
29530,0.285,0.388,0.232
26458,NA,NA,NA
29454,0.235,0.409,0.205
29527,0.171,0.315,0.139
555558302,0.139,0.254,0.103
36026,0.154,0.216,0.127
303947,0.123,0.294,0.09
29366,0.202,0.258,0.169
300841,0.192,0.23,0.151
29399,0.182,0.221,0.149
36625,0.162,0.239,0.124
5151,0.21,0.307,0.171
36601,0.137,0.208,0.102
36873,0.229,0.39,0.176
36887,0.221,0.332,0.174
36775,0.143,0.212,0.115
300868,0.15,0.22,0.133
36489,0.114,0.193,0.083
36249,0.121,0.157,0.093
36273,0.128,0.188,0.098
36681,0.13,0.265,0.093
36276,0.123,0.184,0.094
36332,0.135,0.173,0.104
555556062,0.133,0.255,0.112
29337,0.198,0.235,0.133
29547,0.148,0.308,0.117
29426,0.174,0.243,0.128
352633,0.2,0.323,0.116
29985,0.243,0.327,0.185
3229,0.118,0.215,0.098
5165,0.13,0.179,0.108
303949,0.164,0.341,0.108
37172,0.128,0.263,0.089
37173,0.12,0.196,0.095
300767,0.135,0.29,0.106
26546,0.116,0.205,0.092
26547,0.116,0.205,0.092
28556,0.11,0.182,0.091
67824,0.102,0.206,0.081
28541,0.127,0.223,0.105
352609,0.273,0.467,0.158
36780,0.156,0.194,0.122
29437,0.184,0.207,0.097
36756,0.13,0.252,0.097
352607,0.249,0.408,0.152
29496,0.183,0.255,0.145
36891,0.216,0.378,0.168
28529,0.127,0.227,0.105
37176,0.155,0.206,0.133
29423,0.18,0.262,0.136
300727,0.133,0.196,0.109
300842,0.211,0.332,0.165
28566,0.146,0.26,0.119
29349,0.206,0.257,0.151
313425,0.138,0.235,0.105
3213,0.116,0.2,0.087
40870,0.191,0.287,0.156
36866,0.185,0.225,0.171
40788,0.182,0.258,0.146
317287,0.214,0.306,0.179
29376,0.201,0.26,0.168
7851,NA,NA,NA
37027,NA,NA,NA
40689,0.194,0.281,0.156
40760,0.225,0.329,0.187
303961,0.152,0.228,0.113
40818,0.176,0.236,0.139
40820,0.181,0.23,0.151
29566,0.167,0.354,0.125
40821,0.183,0.274,0.133
342660,0.24,0.31,0.18
36529,0.151,0.175,0.108
36893,0.18,0.37,0.141
40740,0.174,0.254,0.133
40690,0.192,0.277,0.142
36168,0.133,0.273,0.105
36771,0.14,0.211,0.115
300914,0.221,0.31,0.139
303924,0.243,0.327,0.185
342470,0.304,0.347,0.246
29438,0.167,0.254,0.142
5003,0.146,0.198,0.114
721,0.144,0.196,0.112
40875,0.195,0.25,0.173
40874,0.207,0.265,0.172
36898,0.183,0.285,0.166
36524,0.139,0.179,0.102
555556060,0.117,0.173,0.093
8516,0.245,0.325,0.185
2331,0.11,0.263,0.086
903024,0.18,0.275,0.098
555547524,0.18,0.275,0.098
36388,0.141,0.172,0.11
29451,0.187,0.208,0.126
303946,0.137,0.311,0.097
62085,NA,NA,NA
300845,0.264,0.36,0.192
40842,0.178,0.235,0.139
40822,0.175,0.234,0.14
40843,0.141,0.234,0.108
303962,0.189,0.293,0.147
40764,0.186,0.289,0.148
40823,0.185,0.273,0.154
40824,0.185,0.273,0.154
40825,0.185,0.273,0.154
300946,0.145,0.224,0.116
26530,0.116,0.198,0.094
36180,0.151,0.183,0.126
36256,0.125,0.191,0.093
36519,0.165,0.24,0.125
37001,0.159,0.221,0.137
39873,0.159,0.221,0.137
33018,0.144,0.277,0.113
33019,0.144,0.277,0.113
37179,0.24,0.428,0.191
37180,0.16,0.178,0.139
29631,0.202,0.288,0.135
29613,0.181,0.295,0.129
28543,0.127,0.213,0.106
36576,0.127,0.145,0.101
300874,0.311,0.444,0.26
37181,0.217,0.367,0.173
37182,0.214,0.342,0.169
29450,0.212,0.249,0.128
29572,0.157,0.249,0.122
555556053,0.299,0.339,0.226
29628,0.158,0.221,0.131
29619,0.171,0.238,0.144
555556052,0.47,0.545,0.415
29386,0.187,0.208,0.126
300748,0.171,0.238,0.144
40765,0.189,0.293,0.148
28554,0.138,0.25,0.116
28530,0.139,0.248,0.116
10741,0.246,0.375,0.195
26515,0.178,0.325,0.149
2341,0.214,0.342,0.169
29407,0.184,0.215,0.139
36495,0.115,0.159,0.087
8515,0.213,0.302,0.165
40858,0.194,0.281,0.156
28531,0.146,0.26,0.119
300876,0.239,0.34,0.192
40855,0.176,0.237,0.139
28548,0.15,0.29,0.127
33020,0.157,0.296,0.132
313422,0.134,0.232,0.105
6952,0.112,0.201,0.091
36290,0.138,0.183,0.098
36384,0.146,0.185,0.111
36366,0.132,0.171,0.095
36329,0.142,0.186,0.116
36634,0.187,0.325,0.121
28544,0.122,0.214,0.104
36733,0.112,0.161,0.087
36753,0.136,0.247,0.101
36479,0.1,0.198,0.078
26531,0.114,0.196,0.092
36259,0.123,0.184,0.094
36385,0.145,0.19,0.111
28558,0.136,0.28,0.113
36596,0.126,0.287,0.088
300798,0.182,0.259,0.154
36941,0.186,0.275,0.16
37022,0.192,0.294,0.156
7846,0.204,0.313,0.166
36940,0.188,0.276,0.159
36933,0.193,0.285,0.166
36889,0.226,0.391,0.169
36937,0.185,0.3,0.153
36870,0.233,0.398,0.161
36996,0.143,0.172,0.126
36864,0.196,0.237,0.182
37024,0.192,0.294,0.156
36252,0.131,0.196,0.097
37017,0.175,0.292,0.145
36967,0.23,0.343,0.182
37006,0.191,0.288,0.16
36956,0.23,0.343,0.182
37007,0.197,0.296,0.158
36279,0.125,0.191,0.093
36179,0.16,0.228,0.129
36924,0.218,0.323,0.166
303936,0.102,0.21,0.08
37005,0.168,0.247,0.144
300785,0.151,0.177,0.124
903112,0.15,0.198,0.131
37030,0.153,0.21,0.133
40859,0.176,0.242,0.145
36995,NA,NA,NA
36958,0.18,0.281,0.155
36959,0.19,0.294,0.158
36738,0.13,0.265,0.093
37016,0.157,0.24,0.136
342656,NA,NA,NA
300866,0.298,0.386,0.238
352623,0.307,0.528,0.175
36577,0.12,0.209,0.092
26452,0.166,0.228,0.139
12201,0.101,0.185,0.079
1048,0.105,0.205,0.083
818,0.106,0.227,0.083
124385,0.106,0.227,0.083
36667,0.147,0.191,0.11
36430,0.103,0.183,0.081
36517,0.143,0.23,0.112
36509,0.108,0.205,0.086
36735,0.13,0.265,0.093
36216,0.132,0.309,0.086
36877,0.229,0.39,0.176
29981,0.212,0.313,0.17
36795,0.156,0.194,0.122
342479,0.139,0.213,0.105
36356,0.114,0.21,0.087
36346,0.132,0.291,0.111
36494,0.114,0.156,0.086
36618,0.137,0.28,0.09
40741,0.172,0.252,0.133
28533,0.124,0.269,0.102
36307,0.146,0.195,0.078
36357,0.132,0.211,0.103
36857,0.163,0.216,0.142
36164,0.155,0.277,0.13
19249,NA,NA,NA
5179,NA,NA,NA
26552,0.139,0.26,0.104
26551,0.131,0.245,0.102
36582,0.125,0.273,0.084
20177,0.223,0.385,0.181
7414,0.207,0.377,0.172
317193,0.162,0.22,0.118
40790,0.174,0.243,0.14
40789,0.174,0.228,0.154
40791,0.212,0.318,0.182
36238,0.109,0.244,0.075
36720,0.159,0.223,0.133
36487,0.114,0.193,0.083
36486,0.114,0.193,0.083
36712,0.183,0.275,0.141
36603,0.145,0.232,0.105
36503,0.102,0.204,0.082
313440,0.123,0.257,0.099
36926,0.193,0.303,0.167
26558,0.172,0.352,0.136
29525,0.172,0.243,0.146
36504,0.102,0.18,0.079
36240,0.127,0.181,0.096
36383,0.14,0.175,0.108
36328,0.141,0.184,0.114
36894,0.234,0.354,0.187
36187,0.135,0.173,0.104
300789,0.159,0.278,0.127
1332,0.109,0.218,0.086
36534,0.109,0.217,0.086
300795,0.179,0.341,0.146
36261,0.123,0.184,0.094
29455,0.203,0.27,0.178
36297,0.144,0.203,0.093
36445,0.111,0.167,0.085
36472,0.113,0.168,0.085
40876,0.196,0.278,0.164
36213,0.12,0.264,0.077
36571,0.105,0.174,0.074
313423,0.134,0.237,0.106
26559,0.166,0.337,0.139
36454,0.116,0.173,0.088
36210,0.147,0.349,0.098
352616,0.315,0.519,0.166
40844,0.181,0.265,0.146
36214,0.12,0.264,0.077
300885,0.241,0.321,0.195
641,0.139,0.186,0.111
300941,0.217,0.365,0.143
36531,0.131,0.173,0.095
36532,0.11,0.17,0.083
36183,0.124,0.169,0.098
36597,0.137,0.261,0.086
36423,0.139,0.183,0.102
300781,0.161,0.267,0.131
36469,0.119,0.225,0.095
36520,0.165,0.24,0.125
36392,0.143,0.196,0.107
36171,0.179,0.274,0.147
303935,0.102,0.21,0.08
36416,0.139,0.166,0.104
36714,0.129,0.248,0.105
36690,0.179,0.299,0.137
36612,0.162,0.239,0.124
36570,0.114,0.232,0.079
36353,0.12,0.213,0.09
36637,0.136,0.247,0.101
29634,0.198,0.292,0.125
36691,0.166,0.286,0.13
555512170,0.167,0.228,0.137
